--
-- PostgreSQL database dump
--

-- Dumped from database version 16.2
-- Dumped by pg_dump version 16.2

SET statement_timeout = 0;
SET lock_timeout = 0;
SET idle_in_transaction_session_timeout = 0;
SET client_encoding = 'UTF8';
SET standard_conforming_strings = on;
SELECT pg_catalog.set_config('search_path', '', false);
SET check_function_bodies = false;
SET xmloption = content;
SET client_min_messages = warning;
SET row_security = off;

--
-- Name: app; Type: SCHEMA; Schema: -; Owner: app
--

CREATE SCHEMA app;


ALTER SCHEMA app OWNER TO app;

SET default_tablespace = '';

SET default_table_access_method = heap;

--
-- Name: partner_sales; Type: TABLE; Schema: app; Owner: app
--

CREATE TABLE app.partner_sales (
    id integer NOT NULL,
    partner_id integer NOT NULL,
    product_id integer NOT NULL,
    quantity integer NOT NULL,
    sale_date timestamp without time zone NOT NULL,
    base_price numeric(12,2) DEFAULT 0.0 NOT NULL,
    discount_percent integer DEFAULT 0 NOT NULL,
    unit_price numeric(12,2) DEFAULT 0.0 NOT NULL,
    total_amount numeric(14,2) DEFAULT 0.0 NOT NULL,
    comment text
);


ALTER TABLE app.partner_sales OWNER TO app;

--
-- Name: partner_sales_id_seq; Type: SEQUENCE; Schema: app; Owner: app
--

ALTER TABLE app.partner_sales ALTER COLUMN id ADD GENERATED BY DEFAULT AS IDENTITY (
    SEQUENCE NAME app.partner_sales_id_seq
    START WITH 1
    INCREMENT BY 1
    NO MINVALUE
    NO MAXVALUE
    CACHE 1
);


--
-- Name: partner_types; Type: TABLE; Schema: app; Owner: app
--

CREATE TABLE app.partner_types (
    id integer NOT NULL,
    type_name character varying(100) NOT NULL
);


ALTER TABLE app.partner_types OWNER TO app;

--
-- Name: partner_types_id_seq; Type: SEQUENCE; Schema: app; Owner: app
--

ALTER TABLE app.partner_types ALTER COLUMN id ADD GENERATED BY DEFAULT AS IDENTITY (
    SEQUENCE NAME app.partner_types_id_seq
    START WITH 1
    INCREMENT BY 1
    NO MINVALUE
    NO MAXVALUE
    CACHE 1
);


--
-- Name: partners; Type: TABLE; Schema: app; Owner: app
--

CREATE TABLE app.partners (
    id integer NOT NULL,
    partner_type_id integer NOT NULL,
    company_name character varying(255) NOT NULL,
    director_name character varying(255) NOT NULL,
    email character varying(255) NOT NULL,
    phone character varying(50) NOT NULL,
    address character varying(500) NOT NULL,
    rating integer DEFAULT 0 NOT NULL
);


ALTER TABLE app.partners OWNER TO app;

--
-- Name: partners_id_seq; Type: SEQUENCE; Schema: app; Owner: app
--

ALTER TABLE app.partners ALTER COLUMN id ADD GENERATED BY DEFAULT AS IDENTITY (
    SEQUENCE NAME app.partners_id_seq
    START WITH 1
    INCREMENT BY 1
    NO MINVALUE
    NO MAXVALUE
    CACHE 1
);


--
-- Name: products; Type: TABLE; Schema: app; Owner: app
--

CREATE TABLE app.products (
    id integer NOT NULL,
    product_name character varying(255) NOT NULL,
    unit character varying(50) DEFAULT 'шт'::character varying,
    price numeric(12,2) DEFAULT 0.0 NOT NULL
);


ALTER TABLE app.products OWNER TO app;

--
-- Name: products_id_seq; Type: SEQUENCE; Schema: app; Owner: app
--

ALTER TABLE app.products ALTER COLUMN id ADD GENERATED BY DEFAULT AS IDENTITY (
    SEQUENCE NAME app.products_id_seq
    START WITH 1
    INCREMENT BY 1
    NO MINVALUE
    NO MAXVALUE
    CACHE 1
);


--
-- Data for Name: partner_sales; Type: TABLE DATA; Schema: app; Owner: app
--

COPY app.partner_sales (id, partner_id, product_id, quantity, sale_date, base_price, discount_percent, unit_price, total_amount, comment) FROM stdin;
1	1	1	3000	2024-11-05 00:00:00	1100.00	0	1100.00	3300000.00	\N
2	2	3	62000	2024-01-10 00:00:00	1500.00	0	1500.00	93000000.00	\N
5	1	4	45000	2025-02-18 00:00:00	1200.00	0	1200.00	54000000.00	\N
3	3	2	8000	2024-07-20 00:00:00	800.00	5	760.00	6080000.00	\N
4	3	4	1500000	2024-03-15 00:00:00	1200.00	0	1200.00	1800000000.00	\N
\.


--
-- Data for Name: partner_types; Type: TABLE DATA; Schema: app; Owner: app
--

COPY app.partner_types (id, type_name) FROM stdin;
1	ЗАО
3	ПАО
4	ОАО
2	ООО
\.


--
-- Data for Name: partners; Type: TABLE DATA; Schema: app; Owner: app
--

COPY app.partners (id, partner_type_id, company_name, director_name, email, phone, address, rating) FROM stdin;
1	3	ДомДекор	Сидоров Сидор Сидорович	info@domdecor.ru	+7 343 345 67 89	г. Екатеринбург, ул. Декораторов, 3	9
2	1	ПаркетПлюс	Петров Пётр Петрович	info@parketplus.ru	+7 812 234 56 78	г. Санкт-Петербург, пр. Невский, 10	5
3	2	СтройМастер	Иванов Иван Иванович	info@stroymaster.ru	+7 495 123 45 67	г. Москва, ул. Строителей, д. 1	9
\.


--
-- Data for Name: products; Type: TABLE DATA; Schema: app; Owner: app
--

COPY app.products (id, product_name, unit, price) FROM stdin;
1	Ламинат премиум	м²	1100.00
3	Паркет тип 2	м²	1500.00
2	Ламинат стандарт	м²	800.00
4	Паркет тип 1	м²	1200.00
\.


--
-- Name: partner_sales_id_seq; Type: SEQUENCE SET; Schema: app; Owner: app
--

SELECT pg_catalog.setval('app.partner_sales_id_seq', 5, true);


--
-- Name: partner_types_id_seq; Type: SEQUENCE SET; Schema: app; Owner: app
--

SELECT pg_catalog.setval('app.partner_types_id_seq', 4, true);


--
-- Name: partners_id_seq; Type: SEQUENCE SET; Schema: app; Owner: app
--

SELECT pg_catalog.setval('app.partners_id_seq', 3, true);


--
-- Name: products_id_seq; Type: SEQUENCE SET; Schema: app; Owner: app
--

SELECT pg_catalog.setval('app.products_id_seq', 4, true);


--
-- Name: partner_sales PK_partner_sales; Type: CONSTRAINT; Schema: app; Owner: app
--

ALTER TABLE ONLY app.partner_sales
    ADD CONSTRAINT "PK_partner_sales" PRIMARY KEY (id);


--
-- Name: partner_types PK_partner_types; Type: CONSTRAINT; Schema: app; Owner: app
--

ALTER TABLE ONLY app.partner_types
    ADD CONSTRAINT "PK_partner_types" PRIMARY KEY (id);


--
-- Name: partners PK_partners; Type: CONSTRAINT; Schema: app; Owner: app
--

ALTER TABLE ONLY app.partners
    ADD CONSTRAINT "PK_partners" PRIMARY KEY (id);


--
-- Name: products PK_products; Type: CONSTRAINT; Schema: app; Owner: app
--

ALTER TABLE ONLY app.products
    ADD CONSTRAINT "PK_products" PRIMARY KEY (id);


--
-- Name: IX_partner_sales_partner_id; Type: INDEX; Schema: app; Owner: app
--

CREATE INDEX "IX_partner_sales_partner_id" ON app.partner_sales USING btree (partner_id);


--
-- Name: IX_partner_sales_product_id; Type: INDEX; Schema: app; Owner: app
--

CREATE INDEX "IX_partner_sales_product_id" ON app.partner_sales USING btree (product_id);


--
-- Name: IX_partners_partner_type_id; Type: INDEX; Schema: app; Owner: app
--

CREATE INDEX "IX_partners_partner_type_id" ON app.partners USING btree (partner_type_id);


--
-- Name: partner_sales FK_partner_sales_partners_partner_id; Type: FK CONSTRAINT; Schema: app; Owner: app
--

ALTER TABLE ONLY app.partner_sales
    ADD CONSTRAINT "FK_partner_sales_partners_partner_id" FOREIGN KEY (partner_id) REFERENCES app.partners(id) ON DELETE CASCADE;


--
-- Name: partner_sales FK_partner_sales_products_product_id; Type: FK CONSTRAINT; Schema: app; Owner: app
--

ALTER TABLE ONLY app.partner_sales
    ADD CONSTRAINT "FK_partner_sales_products_product_id" FOREIGN KEY (product_id) REFERENCES app.products(id) ON DELETE CASCADE;


--
-- Name: partners FK_partners_partner_types_partner_type_id; Type: FK CONSTRAINT; Schema: app; Owner: app
--

ALTER TABLE ONLY app.partners
    ADD CONSTRAINT "FK_partners_partner_types_partner_type_id" FOREIGN KEY (partner_type_id) REFERENCES app.partner_types(id) ON DELETE CASCADE;


--
-- PostgreSQL database dump complete
--
